-- MySQL dump 10.13  Distrib 5.7.22, for Linux (x86_64)
--
-- Host: localhost    Database: farming
-- ------------------------------------------------------
-- Server version	5.7.22

/*!40101 SET @OLD_CHARACTER_SET_CLIENT=@@CHARACTER_SET_CLIENT */;
/*!40101 SET @OLD_CHARACTER_SET_RESULTS=@@CHARACTER_SET_RESULTS */;
/*!40101 SET @OLD_COLLATION_CONNECTION=@@COLLATION_CONNECTION */;
/*!40101 SET NAMES utf8 */;
/*!40103 SET @OLD_TIME_ZONE=@@TIME_ZONE */;
/*!40103 SET TIME_ZONE='+00:00' */;
/*!40014 SET @OLD_UNIQUE_CHECKS=@@UNIQUE_CHECKS, UNIQUE_CHECKS=0 */;
/*!40014 SET @OLD_FOREIGN_KEY_CHECKS=@@FOREIGN_KEY_CHECKS, FOREIGN_KEY_CHECKS=0 */;
/*!40101 SET @OLD_SQL_MODE=@@SQL_MODE, SQL_MODE='NO_AUTO_VALUE_ON_ZERO' */;
/*!40111 SET @OLD_SQL_NOTES=@@SQL_NOTES, SQL_NOTES=0 */;

--
-- Table structure for table `abiari`
--

DROP TABLE IF EXISTS `abiari`;
/*!40101 SET @saved_cs_client     = @@character_set_client */;
/*!40101 SET character_set_client = utf8 */;
CREATE TABLE `abiari` (
  `id` bigint(20) unsigned NOT NULL AUTO_INCREMENT,
  `duration` tinyint(4) NOT NULL,
  `time` tinyint(4) NOT NULL,
  `deleted_at` timestamp NULL DEFAULT NULL,
  `created_at` timestamp NULL DEFAULT NULL,
  `updated_at` timestamp NULL DEFAULT NULL,
  `unitID` bigint(20) unsigned NOT NULL,
  `methods` tinyint(4) NOT NULL,
  `priority` tinyint(4) NOT NULL,
  `farmID` bigint(20) unsigned NOT NULL,
  `unneeded_status` tinyint(4) NOT NULL,
  `turn_key` tinyint(4) NOT NULL,
  PRIMARY KEY (`id`),
  KEY `abiari_unitid_foreign` (`unitID`),
  KEY `abiari_farmid_foreign` (`farmID`),
  CONSTRAINT `abiari_farmid_foreign` FOREIGN KEY (`farmID`) REFERENCES `farm` (`id`) ON DELETE CASCADE ON UPDATE CASCADE
) ENGINE=InnoDB AUTO_INCREMENT=8 DEFAULT CHARSET=utf8mb4 COLLATE=utf8mb4_unicode_ci;
/*!40101 SET character_set_client = @saved_cs_client */;

--
-- Dumping data for table `abiari`
--

LOCK TABLES `abiari` WRITE;
/*!40000 ALTER TABLE `abiari` DISABLE KEYS */;
INSERT INTO `abiari` VALUES (1,10,10,NULL,'2023-11-01 14:26:14','2023-11-01 14:26:14',1,1,1,1,0,0),(2,10,10,NULL,'2023-11-01 14:28:48','2023-11-01 14:28:48',2,2,3,1,0,0),(3,10,20,NULL,'2023-11-01 14:33:28','2023-11-01 14:33:28',5,3,2,1,0,0),(4,10,10,NULL,'2023-11-01 20:54:52','2023-11-01 20:54:52',3,2,2,1,1,1),(5,10,20,NULL,'2023-11-01 21:32:15','2023-11-01 21:32:15',1,1,1,1,1,1),(6,10,20,NULL,'2023-11-01 21:48:47','2023-11-01 21:48:47',2,1,7,5,1,1),(7,10,20,NULL,'2023-11-01 21:50:02','2023-11-01 21:50:02',1,1,1,4,1,1);
/*!40000 ALTER TABLE `abiari` ENABLE KEYS */;
UNLOCK TABLES;

--
-- Table structure for table `chah`
--

DROP TABLE IF EXISTS `chah`;
/*!40101 SET @saved_cs_client     = @@character_set_client */;
/*!40101 SET character_set_client = utf8 */;
CREATE TABLE `chah` (
  `id` bigint(20) unsigned NOT NULL AUTO_INCREMENT,
  `type` tinyint(4) NOT NULL,
  `bodyType` tinyint(4) NOT NULL,
  `diameter` varchar(255) COLLATE utf8mb4_unicode_ci NOT NULL,
  `waterHeight` varchar(255) COLLATE utf8mb4_unicode_ci NOT NULL,
  `chahHeight` varchar(255) COLLATE utf8mb4_unicode_ci NOT NULL,
  `wateramount` varchar(255) COLLATE utf8mb4_unicode_ci NOT NULL,
  `year` text COLLATE utf8mb4_unicode_ci NOT NULL,
  `deleted_at` timestamp NULL DEFAULT NULL,
  `created_at` timestamp NULL DEFAULT NULL,
  `updated_at` timestamp NULL DEFAULT NULL,
  `farmID` bigint(20) unsigned NOT NULL,
  `useYear` varchar(255) COLLATE utf8mb4_unicode_ci NOT NULL,
  `water_permission_amount` varchar(255) COLLATE utf8mb4_unicode_ci NOT NULL,
  PRIMARY KEY (`id`),
  KEY `chah_farmid_foreign` (`farmID`),
  CONSTRAINT `chah_farmid_foreign` FOREIGN KEY (`farmID`) REFERENCES `farm` (`id`) ON DELETE CASCADE ON UPDATE CASCADE
) ENGINE=InnoDB AUTO_INCREMENT=7 DEFAULT CHARSET=utf8mb4 COLLATE=utf8mb4_unicode_ci;
/*!40101 SET character_set_client = @saved_cs_client */;

--
-- Dumping data for table `chah`
--

LOCK TABLES `chah` WRITE;
/*!40000 ALTER TABLE `chah` DISABLE KEYS */;
INSERT INTO `chah` VALUES (1,1,2,'1','1','1','1','1',NULL,'2023-11-06 09:04:52','2023-11-17 19:15:45',4,'1','120'),(2,2,2,'200','300','100','8000','1380',NULL,'2023-11-06 09:08:04','2023-11-06 09:08:04',5,'1381',''),(3,2,2,'120','3000','3000','3000','13820',NULL,'2023-11-08 09:39:58','2023-11-17 19:15:55',4,'13840','12'),(4,1,1,'5','2','2','2','2',NULL,'2023-11-12 18:26:35','2023-11-19 18:52:20',1,'2','3'),(5,2,2,'7','1','1','1','1',NULL,'2023-11-13 17:41:01','2023-11-17 14:58:25',1,'1',''),(6,2,2,'1','1','1','1','1',NULL,'2023-11-17 19:14:39','2023-11-17 19:15:07',3,'1','1');
/*!40000 ALTER TABLE `chah` ENABLE KEYS */;
UNLOCK TABLES;

--
-- Table structure for table `channel`
--

DROP TABLE IF EXISTS `channel`;
/*!40101 SET @saved_cs_client     = @@character_set_client */;
/*!40101 SET character_set_client = utf8 */;
CREATE TABLE `channel` (
  `id` bigint(20) unsigned NOT NULL AUTO_INCREMENT,
  `type` tinyint(4) NOT NULL,
  `width` varchar(255) COLLATE utf8mb4_unicode_ci NOT NULL,
  `valveSize` varchar(255) COLLATE utf8mb4_unicode_ci NOT NULL,
  `deleted_at` timestamp NULL DEFAULT NULL,
  `created_at` timestamp NULL DEFAULT NULL,
  `updated_at` timestamp NULL DEFAULT NULL,
  `farmID` bigint(20) unsigned NOT NULL,
  `heightWaterSensor` varchar(255) COLLATE utf8mb4_unicode_ci NOT NULL,
  `water_permission_amount` varchar(255) COLLATE utf8mb4_unicode_ci NOT NULL,
  PRIMARY KEY (`id`),
  KEY `channel_farmid_foreign` (`farmID`),
  CONSTRAINT `channel_farmid_foreign` FOREIGN KEY (`farmID`) REFERENCES `farm` (`id`) ON DELETE CASCADE ON UPDATE CASCADE
) ENGINE=InnoDB AUTO_INCREMENT=2 DEFAULT CHARSET=utf8mb4 COLLATE=utf8mb4_unicode_ci;
/*!40101 SET character_set_client = @saved_cs_client */;

--
-- Dumping data for table `channel`
--

LOCK TABLES `channel` WRITE;
/*!40000 ALTER TABLE `channel` DISABLE KEYS */;
INSERT INTO `channel` VALUES (1,2,'2','1',NULL,'2023-11-08 09:24:04','2023-11-17 17:21:48',1,'1','');
/*!40000 ALTER TABLE `channel` ENABLE KEYS */;
UNLOCK TABLES;

--
-- Table structure for table `diesel_pump`
--

DROP TABLE IF EXISTS `diesel_pump`;
/*!40101 SET @saved_cs_client     = @@character_set_client */;
/*!40101 SET character_set_client = utf8 */;
CREATE TABLE `diesel_pump` (
  `id` bigint(20) unsigned NOT NULL AUTO_INCREMENT,
  `model` varchar(255) COLLATE utf8mb4_unicode_ci NOT NULL,
  `Q_debby` varchar(255) COLLATE utf8mb4_unicode_ci NOT NULL,
  `H_Head` varchar(255) COLLATE utf8mb4_unicode_ci NOT NULL,
  `H_min` varchar(255) COLLATE utf8mb4_unicode_ci NOT NULL,
  `H_max` varchar(255) COLLATE utf8mb4_unicode_ci NOT NULL,
  `kw` varchar(255) COLLATE utf8mb4_unicode_ci NOT NULL,
  `HP` varchar(255) COLLATE utf8mb4_unicode_ci NOT NULL,
  `RPM` varchar(255) COLLATE utf8mb4_unicode_ci NOT NULL,
  `SN` varchar(255) COLLATE utf8mb4_unicode_ci NOT NULL,
  `stationID` bigint(20) unsigned NOT NULL,
  `farmID` bigint(20) unsigned NOT NULL,
  `created_at` timestamp NULL DEFAULT NULL,
  `updated_at` timestamp NULL DEFAULT NULL,
  `deleted_at` timestamp NULL DEFAULT NULL,
  PRIMARY KEY (`id`),
  KEY `diesel_pump_stationid_foreign` (`stationID`),
  KEY `diesel_pump_farmid_foreign` (`farmID`),
  CONSTRAINT `diesel_pump_farmid_foreign` FOREIGN KEY (`farmID`) REFERENCES `farm` (`id`) ON DELETE CASCADE ON UPDATE CASCADE,
  CONSTRAINT `diesel_pump_stationid_foreign` FOREIGN KEY (`stationID`) REFERENCES `station` (`id`) ON DELETE CASCADE ON UPDATE CASCADE
) ENGINE=InnoDB AUTO_INCREMENT=4 DEFAULT CHARSET=utf8mb4 COLLATE=utf8mb4_unicode_ci;
/*!40101 SET character_set_client = @saved_cs_client */;

--
-- Dumping data for table `diesel_pump`
--

LOCK TABLES `diesel_pump` WRITE;
/*!40000 ALTER TABLE `diesel_pump` DISABLE KEYS */;
INSERT INTO `diesel_pump` VALUES (1,'5','5','5','5','5','5','5','5','5',1,1,'2023-11-22 10:25:08','2023-11-22 10:25:08',NULL),(2,'۹','14','۲','۱','۹','۳','۲۲','۱','۵',1,1,'2023-11-22 10:27:40','2023-11-22 10:46:24',NULL),(3,'۵','۵','۵','۶','۷','۸','۹','۹','45546',6,6,'2023-11-22 10:53:06','2023-11-22 10:53:15',NULL);
/*!40000 ALTER TABLE `diesel_pump` ENABLE KEYS */;
UNLOCK TABLES;

--
-- Table structure for table `electro_pipe`
--

DROP TABLE IF EXISTS `electro_pipe`;
/*!40101 SET @saved_cs_client     = @@character_set_client */;
/*!40101 SET character_set_client = utf8 */;
CREATE TABLE `electro_pipe` (
  `id` bigint(20) unsigned NOT NULL AUTO_INCREMENT,
  `name` text COLLATE utf8mb4_unicode_ci NOT NULL,
  `size` tinyint(4) NOT NULL,
  `location` text COLLATE utf8mb4_unicode_ci NOT NULL,
  `deleted_at` timestamp NULL DEFAULT NULL,
  `created_at` timestamp NULL DEFAULT NULL,
  `updated_at` timestamp NULL DEFAULT NULL,
  PRIMARY KEY (`id`)
) ENGINE=InnoDB DEFAULT CHARSET=utf8mb4 COLLATE=utf8mb4_unicode_ci;
/*!40101 SET character_set_client = @saved_cs_client */;

--
-- Dumping data for table `electro_pipe`
--

LOCK TABLES `electro_pipe` WRITE;
/*!40000 ALTER TABLE `electro_pipe` DISABLE KEYS */;
/*!40000 ALTER TABLE `electro_pipe` ENABLE KEYS */;
UNLOCK TABLES;

--
-- Table structure for table `electro_pomp`
--

DROP TABLE IF EXISTS `electro_pomp`;
/*!40101 SET @saved_cs_client     = @@character_set_client */;
/*!40101 SET character_set_client = utf8 */;
CREATE TABLE `electro_pomp` (
  `id` bigint(20) unsigned NOT NULL AUTO_INCREMENT,
  `model` text COLLATE utf8mb4_unicode_ci NOT NULL,
  `deleted_at` timestamp NULL DEFAULT NULL,
  `created_at` timestamp NULL DEFAULT NULL,
  `updated_at` timestamp NULL DEFAULT NULL,
  `Voltage` varchar(255) COLLATE utf8mb4_unicode_ci NOT NULL,
  `Frequency` varchar(255) COLLATE utf8mb4_unicode_ci NOT NULL,
  `Phase` varchar(255) COLLATE utf8mb4_unicode_ci NOT NULL,
  `Current` varchar(255) COLLATE utf8mb4_unicode_ci NOT NULL,
  `Power_factor` varchar(255) COLLATE utf8mb4_unicode_ci NOT NULL,
  `kw` varchar(255) COLLATE utf8mb4_unicode_ci NOT NULL,
  `HP` varchar(255) COLLATE utf8mb4_unicode_ci NOT NULL,
  `Duty` varchar(255) COLLATE utf8mb4_unicode_ci NOT NULL,
  `SN` varchar(255) COLLATE utf8mb4_unicode_ci NOT NULL,
  `stationID` bigint(20) unsigned NOT NULL,
  `farmID` bigint(20) unsigned NOT NULL,
  PRIMARY KEY (`id`),
  KEY `electro_pomp_stationid_foreign` (`stationID`),
  KEY `electro_pomp_farmid_foreign` (`farmID`),
  CONSTRAINT `electro_pomp_farmid_foreign` FOREIGN KEY (`farmID`) REFERENCES `farm` (`id`) ON DELETE CASCADE ON UPDATE CASCADE,
  CONSTRAINT `electro_pomp_stationid_foreign` FOREIGN KEY (`stationID`) REFERENCES `station` (`id`) ON DELETE CASCADE ON UPDATE CASCADE
) ENGINE=InnoDB AUTO_INCREMENT=7 DEFAULT CHARSET=utf8mb4 COLLATE=utf8mb4_unicode_ci;
/*!40101 SET character_set_client = @saved_cs_client */;

--
-- Dumping data for table `electro_pomp`
--

LOCK TABLES `electro_pomp` WRITE;
/*!40000 ALTER TABLE `electro_pomp` DISABLE KEYS */;
INSERT INTO `electro_pomp` VALUES (1,'۴',NULL,'2023-11-21 20:37:24','2023-11-25 18:02:04','۱','12','۱','۱','۱','۱','۱','۱','۱',1,1),(2,'2',NULL,'2023-11-21 20:48:31','2023-11-21 20:48:31','3','3','3','3','3','3','3','3','3',3,5),(3,'۵',NULL,'2023-11-22 07:25:19','2023-11-22 08:43:11','۵','3','۵','۵','۵','۵','۵','۵','۵',1,1),(4,'۸',NULL,'2023-11-22 08:44:49','2023-11-22 08:45:00','۸','۸','۸','۸','4','۸','۸','۸','۸',1,1),(5,'۳',NULL,'2023-11-22 08:50:32','2023-11-22 08:50:52','۲','6','۳','۶','۵','۲','۲','۲','۲',2,2),(6,'۱',NULL,'2023-11-22 10:52:17','2023-11-22 10:52:34','۱','۱','5','۱۲','۱۳','۱۴','۱۵','۵','۶۶۶',6,6);
/*!40000 ALTER TABLE `electro_pomp` ENABLE KEYS */;
UNLOCK TABLES;

--
-- Table structure for table `failed_jobs`
--

DROP TABLE IF EXISTS `failed_jobs`;
/*!40101 SET @saved_cs_client     = @@character_set_client */;
/*!40101 SET character_set_client = utf8 */;
CREATE TABLE `failed_jobs` (
  `id` bigint(20) unsigned NOT NULL AUTO_INCREMENT,
  `uuid` varchar(255) COLLATE utf8mb4_unicode_ci NOT NULL,
  `connection` text COLLATE utf8mb4_unicode_ci NOT NULL,
  `queue` text COLLATE utf8mb4_unicode_ci NOT NULL,
  `payload` longtext COLLATE utf8mb4_unicode_ci NOT NULL,
  `exception` longtext COLLATE utf8mb4_unicode_ci NOT NULL,
  `failed_at` timestamp NOT NULL DEFAULT CURRENT_TIMESTAMP,
  PRIMARY KEY (`id`),
  UNIQUE KEY `failed_jobs_uuid_unique` (`uuid`)
) ENGINE=InnoDB DEFAULT CHARSET=utf8mb4 COLLATE=utf8mb4_unicode_ci;
/*!40101 SET character_set_client = @saved_cs_client */;

--
-- Dumping data for table `failed_jobs`
--

LOCK TABLES `failed_jobs` WRITE;
/*!40000 ALTER TABLE `failed_jobs` DISABLE KEYS */;
/*!40000 ALTER TABLE `failed_jobs` ENABLE KEYS */;
UNLOCK TABLES;

--
-- Table structure for table `farm`
--

DROP TABLE IF EXISTS `farm`;
/*!40101 SET @saved_cs_client     = @@character_set_client */;
/*!40101 SET character_set_client = utf8 */;
CREATE TABLE `farm` (
  `id` bigint(20) unsigned NOT NULL AUTO_INCREMENT,
  `farm_size` varchar(255) COLLATE utf8mb4_unicode_ci NOT NULL,
  `farm_unit` varchar(255) COLLATE utf8mb4_unicode_ci NOT NULL,
  `UserID` bigint(20) unsigned NOT NULL,
  `deleted_at` timestamp NULL DEFAULT NULL,
  `created_at` timestamp NULL DEFAULT NULL,
  `updated_at` timestamp NULL DEFAULT NULL,
  `station` bigint(20) unsigned NOT NULL DEFAULT '0',
  `FertilizerCount` varchar(255) COLLATE utf8mb4_unicode_ci NOT NULL DEFAULT '0',
  PRIMARY KEY (`id`),
  KEY `farm_userid_foreign` (`UserID`),
  CONSTRAINT `farm_userid_foreign` FOREIGN KEY (`UserID`) REFERENCES `users` (`id`) ON DELETE CASCADE ON UPDATE CASCADE
) ENGINE=InnoDB AUTO_INCREMENT=9 DEFAULT CHARSET=utf8mb4 COLLATE=utf8mb4_unicode_ci;
/*!40101 SET character_set_client = @saved_cs_client */;

--
-- Dumping data for table `farm`
--

LOCK TABLES `farm` WRITE;
/*!40000 ALTER TABLE `farm` DISABLE KEYS */;
INSERT INTO `farm` VALUES (1,'5000','5',1,NULL,'2023-10-22 20:25:23','2023-11-25 19:56:05',1,'12'),(2,'2000000','15',1,NULL,'2023-10-22 20:41:38','2023-11-25 19:58:25',1,'5'),(3,'54648646','100',1,NULL,'2023-10-22 20:44:20','2023-11-25 20:02:39',1,'6'),(4,'2000000','12',1,NULL,'2023-10-23 15:31:38','2023-11-25 20:04:28',1,'3'),(5,'100000','10',4,NULL,'2023-10-23 19:44:51','2023-11-25 20:05:34',1,'2'),(6,'2000000','10',3,NULL,'2023-11-22 10:50:58','2023-11-25 20:06:20',1,'3'),(7,'10000','5',1,NULL,'2023-11-25 20:07:09','2023-11-25 20:07:53',0,'5'),(8,'2000000','6',1,NULL,'2023-11-27 20:45:10','2023-11-27 20:45:27',0,'5');
/*!40000 ALTER TABLE `farm` ENABLE KEYS */;
UNLOCK TABLES;

--
-- Table structure for table `fertilize_tank`
--

DROP TABLE IF EXISTS `fertilize_tank`;
/*!40101 SET @saved_cs_client     = @@character_set_client */;
/*!40101 SET character_set_client = utf8 */;
CREATE TABLE `fertilize_tank` (
  `id` bigint(20) unsigned NOT NULL AUTO_INCREMENT,
  `InjectionSystem` tinyint(4) NOT NULL,
  `type` tinyint(4) NOT NULL,
  `fertilizers` varchar(255) COLLATE utf8mb4_unicode_ci NOT NULL,
  `tank_amount` varchar(255) COLLATE utf8mb4_unicode_ci NOT NULL,
  `input_pip_num` varchar(255) COLLATE utf8mb4_unicode_ci NOT NULL,
  `out_pip_num` varchar(255) COLLATE utf8mb4_unicode_ci NOT NULL,
  `control_debby_pip_num` varchar(255) COLLATE utf8mb4_unicode_ci NOT NULL,
  `check_tank_num` varchar(255) COLLATE utf8mb4_unicode_ci NOT NULL,
  `farmID` bigint(20) unsigned NOT NULL,
  `deleted_at` timestamp NULL DEFAULT NULL,
  `created_at` timestamp NULL DEFAULT NULL,
  `updated_at` timestamp NULL DEFAULT NULL,
  PRIMARY KEY (`id`),
  KEY `fertilize_tank_farmid_foreign` (`farmID`),
  CONSTRAINT `fertilize_tank_farmid_foreign` FOREIGN KEY (`farmID`) REFERENCES `farm` (`id`) ON DELETE CASCADE ON UPDATE CASCADE
) ENGINE=InnoDB AUTO_INCREMENT=6 DEFAULT CHARSET=utf8mb4 COLLATE=utf8mb4_unicode_ci;
/*!40101 SET character_set_client = @saved_cs_client */;

--
-- Dumping data for table `fertilize_tank`
--

LOCK TABLES `fertilize_tank` WRITE;
/*!40000 ALTER TABLE `fertilize_tank` DISABLE KEYS */;
INSERT INTO `fertilize_tank` VALUES (1,2,1,'Oxygen','15','۵','۲','۶','۵',1,NULL,'2023-11-27 17:56:05','2023-11-27 20:43:39'),(2,4,3,'asda','1','2','2','2','2',1,NULL,'2023-11-27 18:02:58','2023-11-27 18:02:58'),(3,1,3,'hjkhjkl','۵','۵','۶','۶','۳',8,NULL,'2023-11-27 20:46:09','2023-11-27 20:46:21'),(4,2,3,'CO2','5','6','6','3','2',2,NULL,'2023-11-30 19:51:54','2023-11-30 19:51:54'),(5,2,1,'doc','1','2','5','6','5',2,NULL,'2023-12-02 11:59:29','2023-12-02 11:59:29');
/*!40000 ALTER TABLE `fertilize_tank` ENABLE KEYS */;
UNLOCK TABLES;

--
-- Table structure for table `filter_unit`
--

DROP TABLE IF EXISTS `filter_unit`;
/*!40101 SET @saved_cs_client     = @@character_set_client */;
/*!40101 SET character_set_client = utf8 */;
CREATE TABLE `filter_unit` (
  `id` bigint(20) unsigned NOT NULL AUTO_INCREMENT,
  `filter_name` text COLLATE utf8mb4_unicode_ci NOT NULL,
  `shire_ID` bigint(20) unsigned NOT NULL,
  `deleted_at` timestamp NULL DEFAULT NULL,
  `created_at` timestamp NULL DEFAULT NULL,
  `updated_at` timestamp NULL DEFAULT NULL,
  PRIMARY KEY (`id`)
) ENGINE=InnoDB DEFAULT CHARSET=utf8mb4 COLLATE=utf8mb4_unicode_ci;
/*!40101 SET character_set_client = @saved_cs_client */;

--
-- Dumping data for table `filter_unit`
--

LOCK TABLES `filter_unit` WRITE;
/*!40000 ALTER TABLE `filter_unit` DISABLE KEYS */;
/*!40000 ALTER TABLE `filter_unit` ENABLE KEYS */;
UNLOCK TABLES;

--
-- Table structure for table `makhzan`
--

DROP TABLE IF EXISTS `makhzan`;
/*!40101 SET @saved_cs_client     = @@character_set_client */;
/*!40101 SET character_set_client = utf8 */;
CREATE TABLE `makhzan` (
  `id` bigint(20) unsigned NOT NULL AUTO_INCREMENT,
  `created_at` timestamp NULL DEFAULT NULL,
  `updated_at` timestamp NULL DEFAULT NULL,
  `farmID` bigint(20) unsigned NOT NULL,
  `type_tank` tinyint(4) NOT NULL,
  `length` varchar(255) COLLATE utf8mb4_unicode_ci NOT NULL,
  `width` varchar(255) COLLATE utf8mb4_unicode_ci NOT NULL,
  `height` varchar(255) COLLATE utf8mb4_unicode_ci NOT NULL,
  `buildTime` varchar(255) COLLATE utf8mb4_unicode_ci NOT NULL,
  `applyTime` varchar(255) COLLATE utf8mb4_unicode_ci NOT NULL,
  `water_height` varchar(255) COLLATE utf8mb4_unicode_ci NOT NULL,
  `inside_water` varchar(255) COLLATE utf8mb4_unicode_ci NOT NULL,
  `deleted_at` timestamp NULL DEFAULT NULL,
  `water_permission_amount` varchar(255) COLLATE utf8mb4_unicode_ci NOT NULL,
  PRIMARY KEY (`id`),
  KEY `makhzan_farmid_foreign` (`farmID`),
  CONSTRAINT `makhzan_farmid_foreign` FOREIGN KEY (`farmID`) REFERENCES `farm` (`id`) ON DELETE CASCADE ON UPDATE CASCADE
) ENGINE=InnoDB AUTO_INCREMENT=4 DEFAULT CHARSET=utf8mb4 COLLATE=utf8mb4_unicode_ci;
/*!40101 SET character_set_client = @saved_cs_client */;

--
-- Dumping data for table `makhzan`
--

LOCK TABLES `makhzan` WRITE;
/*!40000 ALTER TABLE `makhzan` DISABLE KEYS */;
INSERT INTO `makhzan` VALUES (1,'2023-11-07 14:36:21','2023-11-17 19:20:30',1,2,'1','1','1','1','1','1','1',NULL,'120'),(2,'2023-11-07 14:46:05','2023-11-07 14:46:05',3,3,'20','10','12','1383','1384','300','1200',NULL,''),(3,'2023-11-17 19:19:34','2023-11-17 19:20:03',1,1,'1','1','1','1352','1355','10','1',NULL,'5');
/*!40000 ALTER TABLE `makhzan` ENABLE KEYS */;
UNLOCK TABLES;

--
-- Table structure for table `migrations`
--

DROP TABLE IF EXISTS `migrations`;
/*!40101 SET @saved_cs_client     = @@character_set_client */;
/*!40101 SET character_set_client = utf8 */;
CREATE TABLE `migrations` (
  `id` int(10) unsigned NOT NULL AUTO_INCREMENT,
  `migration` varchar(255) COLLATE utf8mb4_unicode_ci NOT NULL,
  `batch` int(11) NOT NULL,
  PRIMARY KEY (`id`)
) ENGINE=InnoDB AUTO_INCREMENT=122 DEFAULT CHARSET=utf8mb4 COLLATE=utf8mb4_unicode_ci;
/*!40101 SET character_set_client = @saved_cs_client */;

--
-- Dumping data for table `migrations`
--

LOCK TABLES `migrations` WRITE;
/*!40000 ALTER TABLE `migrations` DISABLE KEYS */;
INSERT INTO `migrations` VALUES (1,'2014_10_12_000000_create_users_table',1),(2,'2014_10_12_100000_create_password_reset_tokens_table',1),(3,'2019_08_19_000000_create_failed_jobs_table',1),(4,'2019_12_14_000001_create_personal_access_tokens_table',1),(69,'2014_10_1_000000_create_users_table',2),(71,'2023_05_02_164859_create_filter_unit_tabel',3),(72,'2023_05_02_165424_create_unit_shir_tabel',3),(73,'2023_05_02_170406_create_station_table',3),(74,'2023_05_02_171828_create__electro_pomp_table',3),(75,'2023_05_05_133547_create_sensor_tabel',3),(76,'2023_05_05_134058_create_simcard_table',3),(77,'2023_05_05_204112_create__water_source_table',3),(78,'2023_05_05_205444_create__electro_pipe_table',3),(79,'2023_05_05_210349_create_chah_table',3),(80,'2023_05_07_173827_create_pool_table',3),(81,'2023_05_07_175556_create_makhzan_table',3),(82,'2023_05_07_180040_create_river_table',3),(83,'2023_05_07_180458_create_netpipe_table',3),(84,'2023_05_07_180517_create_channel_table',3),(85,'2023_05_09_153933_create_abiari_table',3),(87,'2023_10_07_203840_create_user_edit_table',3),(90,'2023_10_22_191508_create_farm_table',4),(91,'2023_10_23_171135_create_unit_table',5),(92,'2023_10_23_190540_add_flow_rate_of_single_to_unit_table',6),(93,'2023_10_31_205944_add__deleteat_to_users_tabel',7),(94,'2023_11_01_130631_remove_unit_i_d_changeot_forign_keyin_abiari_table',8),(95,'2023_11_01_131317_make_forignkeyfor_abiari_table',9),(96,'2023_11_01_140049_add_method_and_periorityto_abiari_table',10),(97,'2023_11_01_140642_drop_forignkey_unitfromabiari_table',11),(98,'2023_11_01_141513_add_forignkeyfarm_i_dto_abiari_table',12),(99,'2023_11_01_205005_add_unneededand_turn_fieldto_abiari_table',13),(100,'2023_11_06_075415_add__forign_key_farm_i_dtochah_table',14),(101,'2023_11_06_084025_add_use_yearto_chah',15),(102,'2023_11_06_084828_change_fieldsinchah_table',16),(103,'2023_11_06_101743_change_pool_table',17),(104,'2023_11_07_142202_add_fileds_tomakhzan_table',18),(105,'2023_11_07_154156_change_river_table',19),(106,'2023_11_07_154427_cahnge_sensor_depth_river',20),(107,'2023_11_08_081833_edit_netpipe_table',21),(108,'2023_11_08_085447_change_channel_table',22),(109,'2023_11_17_183342_add_waterpermsionto_chah',23),(110,'2023_11_18_180116_edit_station_table',24),(111,'2023_11_18_192534_dd_station_pumptofarm_table',25),(112,'2023_11_21_185347_edit_elctropump_table',26),(113,'2023_11_21_190452_edit_elctropump_table',27),(114,'2023_11_22_091350_create_disel_pump_table',28),(115,'2023_11_25_180826_add_fertilizer_fieldto_farm_table',29),(116,'2023_11_25_184000_create__fertilize_tank_table',30),(117,'2023_12_11_142553_create_pit_analyze_water_table',31),(118,'2023_12_11_191124_create_river_analyze_water_table',32),(119,'2023_12_12_200109_delete_pitsanalyza_water_table',33),(120,'2023_12_12_201052_create__water_analyze_table',34),(121,'2023_12_12_201938_change_water_analyze_table_name_table',35);
/*!40000 ALTER TABLE `migrations` ENABLE KEYS */;
UNLOCK TABLES;

--
-- Table structure for table `netpipe`
--

DROP TABLE IF EXISTS `netpipe`;
/*!40101 SET @saved_cs_client     = @@character_set_client */;
/*!40101 SET character_set_client = utf8 */;
CREATE TABLE `netpipe` (
  `id` bigint(20) unsigned NOT NULL AUTO_INCREMENT,
  `type` tinyint(4) NOT NULL,
  `netpipD` varchar(255) COLLATE utf8mb4_unicode_ci NOT NULL,
  `pipwaterD` varchar(255) COLLATE utf8mb4_unicode_ci NOT NULL,
  `deleted_at` timestamp NULL DEFAULT NULL,
  `created_at` timestamp NULL DEFAULT NULL,
  `updated_at` timestamp NULL DEFAULT NULL,
  `farmID` bigint(20) unsigned NOT NULL,
  `water_permission_amount` varchar(255) COLLATE utf8mb4_unicode_ci NOT NULL,
  PRIMARY KEY (`id`),
  KEY `netpipe_farmid_foreign` (`farmID`),
  CONSTRAINT `netpipe_farmid_foreign` FOREIGN KEY (`farmID`) REFERENCES `farm` (`id`) ON DELETE CASCADE ON UPDATE CASCADE
) ENGINE=InnoDB AUTO_INCREMENT=3 DEFAULT CHARSET=utf8mb4 COLLATE=utf8mb4_unicode_ci;
/*!40101 SET character_set_client = @saved_cs_client */;

--
-- Dumping data for table `netpipe`
--

LOCK TABLES `netpipe` WRITE;
/*!40000 ALTER TABLE `netpipe` DISABLE KEYS */;
INSERT INTO `netpipe` VALUES (1,2,'5','3',NULL,'2023-11-08 08:31:19','2023-11-08 08:31:19',4,''),(2,1,'211','15',NULL,'2023-11-13 13:01:19','2023-11-17 17:36:11',1,'');
/*!40000 ALTER TABLE `netpipe` ENABLE KEYS */;
UNLOCK TABLES;

--
-- Table structure for table `password_reset_tokens`
--

DROP TABLE IF EXISTS `password_reset_tokens`;
/*!40101 SET @saved_cs_client     = @@character_set_client */;
/*!40101 SET character_set_client = utf8 */;
CREATE TABLE `password_reset_tokens` (
  `email` varchar(255) COLLATE utf8mb4_unicode_ci NOT NULL,
  `token` varchar(255) COLLATE utf8mb4_unicode_ci NOT NULL,
  `created_at` timestamp NULL DEFAULT NULL,
  PRIMARY KEY (`email`)
) ENGINE=InnoDB DEFAULT CHARSET=utf8mb4 COLLATE=utf8mb4_unicode_ci;
/*!40101 SET character_set_client = @saved_cs_client */;

--
-- Dumping data for table `password_reset_tokens`
--

LOCK TABLES `password_reset_tokens` WRITE;
/*!40000 ALTER TABLE `password_reset_tokens` DISABLE KEYS */;
/*!40000 ALTER TABLE `password_reset_tokens` ENABLE KEYS */;
UNLOCK TABLES;

--
-- Table structure for table `personal_access_tokens`
--

DROP TABLE IF EXISTS `personal_access_tokens`;
/*!40101 SET @saved_cs_client     = @@character_set_client */;
/*!40101 SET character_set_client = utf8 */;
CREATE TABLE `personal_access_tokens` (
  `id` bigint(20) unsigned NOT NULL AUTO_INCREMENT,
  `tokenable_type` varchar(255) COLLATE utf8mb4_unicode_ci NOT NULL,
  `tokenable_id` bigint(20) unsigned NOT NULL,
  `name` varchar(255) COLLATE utf8mb4_unicode_ci NOT NULL,
  `token` varchar(64) COLLATE utf8mb4_unicode_ci NOT NULL,
  `abilities` text COLLATE utf8mb4_unicode_ci,
  `last_used_at` timestamp NULL DEFAULT NULL,
  `expires_at` timestamp NULL DEFAULT NULL,
  `created_at` timestamp NULL DEFAULT NULL,
  `updated_at` timestamp NULL DEFAULT NULL,
  PRIMARY KEY (`id`),
  UNIQUE KEY `personal_access_tokens_token_unique` (`token`),
  KEY `personal_access_tokens_tokenable_type_tokenable_id_index` (`tokenable_type`,`tokenable_id`)
) ENGINE=InnoDB DEFAULT CHARSET=utf8mb4 COLLATE=utf8mb4_unicode_ci;
/*!40101 SET character_set_client = @saved_cs_client */;

--
-- Dumping data for table `personal_access_tokens`
--

LOCK TABLES `personal_access_tokens` WRITE;
/*!40000 ALTER TABLE `personal_access_tokens` DISABLE KEYS */;
/*!40000 ALTER TABLE `personal_access_tokens` ENABLE KEYS */;
UNLOCK TABLES;

--
-- Table structure for table `pool`
--

DROP TABLE IF EXISTS `pool`;
/*!40101 SET @saved_cs_client     = @@character_set_client */;
/*!40101 SET character_set_client = utf8 */;
CREATE TABLE `pool` (
  `id` bigint(20) unsigned NOT NULL AUTO_INCREMENT,
  `type_pool` tinyint(4) NOT NULL,
  `lenght` varchar(255) COLLATE utf8mb4_unicode_ci NOT NULL,
  `width` varchar(255) COLLATE utf8mb4_unicode_ci NOT NULL,
  `depth` varchar(255) COLLATE utf8mb4_unicode_ci NOT NULL,
  `buildTime` varchar(255) COLLATE utf8mb4_unicode_ci NOT NULL,
  `applyTime` varchar(255) COLLATE utf8mb4_unicode_ci NOT NULL,
  `deleted_at` timestamp NULL DEFAULT NULL,
  `created_at` timestamp NULL DEFAULT NULL,
  `updated_at` timestamp NULL DEFAULT NULL,
  `farmID` bigint(20) unsigned NOT NULL,
  `water_height` varchar(255) COLLATE utf8mb4_unicode_ci NOT NULL,
  `inside_water` varchar(255) COLLATE utf8mb4_unicode_ci NOT NULL,
  `water_permission_amount` varchar(255) COLLATE utf8mb4_unicode_ci NOT NULL,
  PRIMARY KEY (`id`),
  KEY `pool_farmid_foreign` (`farmID`),
  CONSTRAINT `pool_farmid_foreign` FOREIGN KEY (`farmID`) REFERENCES `farm` (`id`) ON DELETE CASCADE ON UPDATE CASCADE
) ENGINE=InnoDB AUTO_INCREMENT=4 DEFAULT CHARSET=utf8mb4 COLLATE=utf8mb4_unicode_ci;
/*!40101 SET character_set_client = @saved_cs_client */;

--
-- Dumping data for table `pool`
--

LOCK TABLES `pool` WRITE;
/*!40000 ALTER TABLE `pool` DISABLE KEYS */;
INSERT INTO `pool` VALUES (1,2,'20','10','10','1383','1384',NULL,'2023-11-06 10:36:11','2023-11-06 10:36:11',2,'300','1200',''),(2,3,'20','10','10','1383','1384',NULL,'2023-11-06 11:05:50','2023-11-06 11:05:50',3,'300','1200',''),(3,1,'1','1','1','1','1',NULL,'2023-11-12 18:27:47','2023-11-17 17:51:10',1,'1','1','');
/*!40000 ALTER TABLE `pool` ENABLE KEYS */;
UNLOCK TABLES;

--
-- Table structure for table `river`
--

DROP TABLE IF EXISTS `river`;
/*!40101 SET @saved_cs_client     = @@character_set_client */;
/*!40101 SET character_set_client = utf8 */;
CREATE TABLE `river` (
  `id` bigint(20) unsigned NOT NULL AUTO_INCREMENT,
  `sensor_depth` varchar(255) COLLATE utf8mb4_unicode_ci NOT NULL,
  `pip_size` varchar(255) COLLATE utf8mb4_unicode_ci NOT NULL,
  `deleted_at` timestamp NULL DEFAULT NULL,
  `created_at` timestamp NULL DEFAULT NULL,
  `updated_at` timestamp NULL DEFAULT NULL,
  `farmID` bigint(20) unsigned NOT NULL,
  `height` varchar(255) COLLATE utf8mb4_unicode_ci NOT NULL,
  `water_permission_amount` varchar(255) COLLATE utf8mb4_unicode_ci NOT NULL,
  PRIMARY KEY (`id`),
  KEY `river_farmid_foreign` (`farmID`),
  CONSTRAINT `river_farmid_foreign` FOREIGN KEY (`farmID`) REFERENCES `farm` (`id`) ON DELETE CASCADE ON UPDATE CASCADE
) ENGINE=InnoDB AUTO_INCREMENT=3 DEFAULT CHARSET=utf8mb4 COLLATE=utf8mb4_unicode_ci;
/*!40101 SET character_set_client = @saved_cs_client */;

--
-- Dumping data for table `river`
--

LOCK TABLES `river` WRITE;
/*!40000 ALTER TABLE `river` DISABLE KEYS */;
INSERT INTO `river` VALUES (1,'20','5',NULL,'2023-11-07 15:52:09','2023-11-07 15:52:09',3,'10',''),(2,'5','5',NULL,'2023-11-13 07:20:50','2023-11-17 18:00:36',1,'5','');
/*!40000 ALTER TABLE `river` ENABLE KEYS */;
UNLOCK TABLES;

--
-- Table structure for table `river_analyze_water`
--

DROP TABLE IF EXISTS `river_analyze_water`;
/*!40101 SET @saved_cs_client     = @@character_set_client */;
/*!40101 SET character_set_client = utf8 */;
CREATE TABLE `river_analyze_water` (
  `id` bigint(20) unsigned NOT NULL AUTO_INCREMENT,
  `EC` varchar(255) COLLATE utf8mb4_unicode_ci NOT NULL,
  `PH` varchar(255) COLLATE utf8mb4_unicode_ci NOT NULL,
  `SAR` varchar(255) COLLATE utf8mb4_unicode_ci NOT NULL,
  `Hardness` varchar(255) COLLATE utf8mb4_unicode_ci NOT NULL,
  `TD5` varchar(255) COLLATE utf8mb4_unicode_ci NOT NULL,
  `aluminum` varchar(255) COLLATE utf8mb4_unicode_ci NOT NULL,
  `Arsenic` varchar(255) COLLATE utf8mb4_unicode_ci NOT NULL,
  `beryllium` varchar(255) COLLATE utf8mb4_unicode_ci NOT NULL,
  `cadmium` varchar(255) COLLATE utf8mb4_unicode_ci NOT NULL,
  `Cobalt` varchar(255) COLLATE utf8mb4_unicode_ci NOT NULL,
  `chromium` varchar(255) COLLATE utf8mb4_unicode_ci NOT NULL,
  `copper` varchar(255) COLLATE utf8mb4_unicode_ci NOT NULL,
  `Fe` varchar(255) COLLATE utf8mb4_unicode_ci NOT NULL,
  `lithium` varchar(255) COLLATE utf8mb4_unicode_ci NOT NULL,
  `Manganese` varchar(255) COLLATE utf8mb4_unicode_ci NOT NULL,
  `molybdenum` varchar(255) COLLATE utf8mb4_unicode_ci NOT NULL,
  `nickel` varchar(255) COLLATE utf8mb4_unicode_ci NOT NULL,
  `palladium` varchar(255) COLLATE utf8mb4_unicode_ci NOT NULL,
  `Selenium` varchar(255) COLLATE utf8mb4_unicode_ci NOT NULL,
  `vanadium` varchar(255) COLLATE utf8mb4_unicode_ci NOT NULL,
  `Zinc` varchar(255) COLLATE utf8mb4_unicode_ci NOT NULL,
  `Fluorine` varchar(255) COLLATE utf8mb4_unicode_ci NOT NULL,
  `Br` varchar(255) COLLATE utf8mb4_unicode_ci NOT NULL,
  `Nitrate` varchar(255) COLLATE utf8mb4_unicode_ci NOT NULL,
  `microbial` varchar(255) COLLATE utf8mb4_unicode_ci NOT NULL,
  `salinity` varchar(255) COLLATE utf8mb4_unicode_ci NOT NULL,
  `animosity` varchar(255) COLLATE utf8mb4_unicode_ci NOT NULL,
  `farmID` bigint(20) unsigned NOT NULL,
  `riverID` bigint(20) unsigned NOT NULL,
  `deleted_at` timestamp NULL DEFAULT NULL,
  `created_at` timestamp NULL DEFAULT NULL,
  `updated_at` timestamp NULL DEFAULT NULL,
  PRIMARY KEY (`id`),
  KEY `river_analyze_water_farmid_foreign` (`farmID`),
  KEY `river_analyze_water_riverid_foreign` (`riverID`),
  CONSTRAINT `river_analyze_water_farmid_foreign` FOREIGN KEY (`farmID`) REFERENCES `farm` (`id`) ON DELETE CASCADE ON UPDATE CASCADE,
  CONSTRAINT `river_analyze_water_riverid_foreign` FOREIGN KEY (`riverID`) REFERENCES `river` (`id`) ON DELETE CASCADE ON UPDATE CASCADE
) ENGINE=InnoDB DEFAULT CHARSET=utf8mb4 COLLATE=utf8mb4_unicode_ci;
/*!40101 SET character_set_client = @saved_cs_client */;

--
-- Dumping data for table `river_analyze_water`
--

LOCK TABLES `river_analyze_water` WRITE;
/*!40000 ALTER TABLE `river_analyze_water` DISABLE KEYS */;
/*!40000 ALTER TABLE `river_analyze_water` ENABLE KEYS */;
UNLOCK TABLES;

--
-- Table structure for table `sensor`
--

DROP TABLE IF EXISTS `sensor`;
/*!40101 SET @saved_cs_client     = @@character_set_client */;
/*!40101 SET character_set_client = utf8 */;
CREATE TABLE `sensor` (
  `id` bigint(20) unsigned NOT NULL AUTO_INCREMENT,
  `mac` text COLLATE utf8mb4_unicode_ci NOT NULL,
  `location` text COLLATE utf8mb4_unicode_ci NOT NULL,
  `type` tinyint(4) NOT NULL,
  `deleted_at` timestamp NULL DEFAULT NULL,
  `created_at` timestamp NULL DEFAULT NULL,
  `updated_at` timestamp NULL DEFAULT NULL,
  PRIMARY KEY (`id`)
) ENGINE=InnoDB DEFAULT CHARSET=utf8mb4 COLLATE=utf8mb4_unicode_ci;
/*!40101 SET character_set_client = @saved_cs_client */;

--
-- Dumping data for table `sensor`
--

LOCK TABLES `sensor` WRITE;
/*!40000 ALTER TABLE `sensor` DISABLE KEYS */;
/*!40000 ALTER TABLE `sensor` ENABLE KEYS */;
UNLOCK TABLES;

--
-- Table structure for table `simcard`
--

DROP TABLE IF EXISTS `simcard`;
/*!40101 SET @saved_cs_client     = @@character_set_client */;
/*!40101 SET character_set_client = utf8 */;
CREATE TABLE `simcard` (
  `id` bigint(20) unsigned NOT NULL AUTO_INCREMENT,
  `message` text COLLATE utf8mb4_unicode_ci NOT NULL,
  `sim_number` text COLLATE utf8mb4_unicode_ci NOT NULL,
  `contact_name` text COLLATE utf8mb4_unicode_ci NOT NULL,
  `contact_family` text COLLATE utf8mb4_unicode_ci NOT NULL,
  `contact_number` text COLLATE utf8mb4_unicode_ci NOT NULL,
  `deleted_at` timestamp NULL DEFAULT NULL,
  `created_at` timestamp NULL DEFAULT NULL,
  `updated_at` timestamp NULL DEFAULT NULL,
  PRIMARY KEY (`id`)
) ENGINE=InnoDB DEFAULT CHARSET=utf8mb4 COLLATE=utf8mb4_unicode_ci;
/*!40101 SET character_set_client = @saved_cs_client */;

--
-- Dumping data for table `simcard`
--

LOCK TABLES `simcard` WRITE;
/*!40000 ALTER TABLE `simcard` DISABLE KEYS */;
/*!40000 ALTER TABLE `simcard` ENABLE KEYS */;
UNLOCK TABLES;

--
-- Table structure for table `station`
--

DROP TABLE IF EXISTS `station`;
/*!40101 SET @saved_cs_client     = @@character_set_client */;
/*!40101 SET character_set_client = utf8 */;
CREATE TABLE `station` (
  `id` bigint(20) unsigned NOT NULL AUTO_INCREMENT,
  `deleted_at` timestamp NULL DEFAULT NULL,
  `created_at` timestamp NULL DEFAULT NULL,
  `updated_at` timestamp NULL DEFAULT NULL,
  `out_BAR` varchar(255) COLLATE utf8mb4_unicode_ci NOT NULL,
  `present_BAR` varchar(255) COLLATE utf8mb4_unicode_ci NOT NULL,
  `farmID` bigint(20) unsigned NOT NULL,
  PRIMARY KEY (`id`),
  KEY `station_farmid_foreign` (`farmID`),
  CONSTRAINT `station_farmid_foreign` FOREIGN KEY (`farmID`) REFERENCES `farm` (`id`) ON DELETE CASCADE ON UPDATE CASCADE
) ENGINE=InnoDB AUTO_INCREMENT=7 DEFAULT CHARSET=utf8mb4 COLLATE=utf8mb4_unicode_ci;
/*!40101 SET character_set_client = @saved_cs_client */;

--
-- Dumping data for table `station`
--

LOCK TABLES `station` WRITE;
/*!40000 ALTER TABLE `station` DISABLE KEYS */;
INSERT INTO `station` VALUES (1,NULL,'2023-11-21 18:08:52','2023-11-21 18:08:52','5','5',1),(2,NULL,'2023-11-21 18:13:34','2023-11-21 18:13:34','10','10',2),(3,NULL,'2023-11-21 20:38:52','2023-11-21 20:38:52','20','30',5),(4,NULL,'2023-11-21 20:42:46','2023-11-21 20:42:46','60','30',4),(5,NULL,'2023-11-21 20:47:47','2023-11-21 20:47:47','55','33',3),(6,NULL,'2023-11-22 10:51:29','2023-11-22 10:51:29','12','5',6);
/*!40000 ALTER TABLE `station` ENABLE KEYS */;
UNLOCK TABLES;

--
-- Table structure for table `unit`
--

DROP TABLE IF EXISTS `unit`;
/*!40101 SET @saved_cs_client     = @@character_set_client */;
/*!40101 SET character_set_client = utf8 */;
CREATE TABLE `unit` (
  `id` bigint(20) unsigned NOT NULL AUTO_INCREMENT,
  `unitID` tinyint(4) NOT NULL,
  `electrical_conductivity` varchar(255) COLLATE utf8mb4_unicode_ci NOT NULL,
  `size_hektare` varchar(255) COLLATE utf8mb4_unicode_ci NOT NULL,
  `Soil_acidity` varchar(255) COLLATE utf8mb4_unicode_ci NOT NULL,
  `Number_main_irrigation` varchar(255) COLLATE utf8mb4_unicode_ci NOT NULL,
  `soil_pattern` varchar(255) COLLATE utf8mb4_unicode_ci NOT NULL,
  `Genetic_profile` varchar(255) COLLATE utf8mb4_unicode_ci NOT NULL,
  `Lime` varchar(255) COLLATE utf8mb4_unicode_ci NOT NULL,
  `Number_plants_trees` varchar(255) COLLATE utf8mb4_unicode_ci NOT NULL,
  `organic_matter` varchar(255) COLLATE utf8mb4_unicode_ci NOT NULL,
  `planting_year` varchar(255) COLLATE utf8mb4_unicode_ci NOT NULL,
  `Nitrate` varchar(255) COLLATE utf8mb4_unicode_ci NOT NULL,
  `Year_operation` varchar(255) COLLATE utf8mb4_unicode_ci NOT NULL,
  `nitrogen` varchar(255) COLLATE utf8mb4_unicode_ci NOT NULL,
  `Age_plant_tree` varchar(255) COLLATE utf8mb4_unicode_ci NOT NULL,
  `phosphorus` varchar(255) COLLATE utf8mb4_unicode_ci NOT NULL,
  `Average_plant_tree_height` varchar(255) COLLATE utf8mb4_unicode_ci NOT NULL,
  `potassium` varchar(255) COLLATE utf8mb4_unicode_ci NOT NULL,
  `average_diameter` varchar(255) COLLATE utf8mb4_unicode_ci NOT NULL,
  `Calcium` varchar(255) COLLATE utf8mb4_unicode_ci NOT NULL,
  `Unit_coordinates` varchar(255) COLLATE utf8mb4_unicode_ci NOT NULL,
  `magnesium` varchar(255) COLLATE utf8mb4_unicode_ci NOT NULL,
  `number_of_soil` varchar(255) COLLATE utf8mb4_unicode_ci NOT NULL,
  `sulfur` varchar(255) COLLATE utf8mb4_unicode_ci NOT NULL,
  `Soil_moisture` varchar(255) COLLATE utf8mb4_unicode_ci NOT NULL,
  `iron` varchar(255) COLLATE utf8mb4_unicode_ci NOT NULL,
  `diameter_of_pipes` varchar(255) COLLATE utf8mb4_unicode_ci NOT NULL,
  `zinc` varchar(255) COLLATE utf8mb4_unicode_ci NOT NULL,
  `dropper` varchar(255) COLLATE utf8mb4_unicode_ci NOT NULL,
  `Manganese` varchar(255) COLLATE utf8mb4_unicode_ci NOT NULL,
  `Number_drippers` varchar(255) COLLATE utf8mb4_unicode_ci NOT NULL,
  `copper` varchar(255) COLLATE utf8mb4_unicode_ci NOT NULL,
  `total_number_droppers` varchar(255) COLLATE utf8mb4_unicode_ci NOT NULL,
  `Bor` varchar(255) COLLATE utf8mb4_unicode_ci NOT NULL,
  `Dropper_flow_rate` varchar(255) COLLATE utf8mb4_unicode_ci NOT NULL,
  `sodium` varchar(255) COLLATE utf8mb4_unicode_ci NOT NULL,
  `Sodium_Absorption` varchar(255) COLLATE utf8mb4_unicode_ci NOT NULL,
  `FarmID` bigint(20) unsigned NOT NULL,
  `created_at` timestamp NULL DEFAULT NULL,
  `updated_at` timestamp NULL DEFAULT NULL,
  `flow_rate_single` varchar(255) COLLATE utf8mb4_unicode_ci NOT NULL,
  PRIMARY KEY (`id`),
  KEY `unit_farmid_foreign` (`FarmID`),
  CONSTRAINT `unit_farmid_foreign` FOREIGN KEY (`FarmID`) REFERENCES `farm` (`id`) ON DELETE CASCADE ON UPDATE CASCADE
) ENGINE=InnoDB AUTO_INCREMENT=4 DEFAULT CHARSET=utf8mb4 COLLATE=utf8mb4_unicode_ci;
/*!40101 SET character_set_client = @saved_cs_client */;

--
-- Dumping data for table `unit`
--

LOCK TABLES `unit` WRITE;
/*!40000 ALTER TABLE `unit` DISABLE KEYS */;
INSERT INTO `unit` VALUES (1,6,'1','1','1','1','1','1','1','1','1','1','1','1','1','1','1','1','1','1','1','1','1','1','1','1','1','1','1','1','1','1','1','1','1','1','1','1',4,'2023-10-23 19:28:45','2023-10-23 19:28:45','1'),(2,3,'1','1','1','1','1','1','1','1','1','1','1','1','1','1','1','1','1','1','1','1','1','1','1','1','1','1','1','1','1','1','1','1','1','1','1','1',4,'2023-10-23 19:30:36','2023-10-23 19:30:36','1'),(3,5,'1','1','1','1','1','1','1','1','1','1','1','1','1','1','1','1','1','1','1','1','1','1','1','1','1','1','1','1','1','1','1','1','1','1','1','1',5,'2023-10-23 19:47:13','2023-10-23 19:47:13','1');
/*!40000 ALTER TABLE `unit` ENABLE KEYS */;
UNLOCK TABLES;

--
-- Table structure for table `unit_shir`
--

DROP TABLE IF EXISTS `unit_shir`;
/*!40101 SET @saved_cs_client     = @@character_set_client */;
/*!40101 SET character_set_client = utf8 */;
CREATE TABLE `unit_shir` (
  `id` bigint(20) unsigned NOT NULL AUTO_INCREMENT,
  `stop_wash_date_time` datetime NOT NULL,
  `start_wash_date_time` datetime NOT NULL,
  `created_at` timestamp NULL DEFAULT NULL,
  `updated_at` timestamp NULL DEFAULT NULL,
  PRIMARY KEY (`id`)
) ENGINE=InnoDB DEFAULT CHARSET=utf8mb4 COLLATE=utf8mb4_unicode_ci;
/*!40101 SET character_set_client = @saved_cs_client */;

--
-- Dumping data for table `unit_shir`
--

LOCK TABLES `unit_shir` WRITE;
/*!40000 ALTER TABLE `unit_shir` DISABLE KEYS */;
/*!40000 ALTER TABLE `unit_shir` ENABLE KEYS */;
UNLOCK TABLES;

--
-- Table structure for table `users`
--

DROP TABLE IF EXISTS `users`;
/*!40101 SET @saved_cs_client     = @@character_set_client */;
/*!40101 SET character_set_client = utf8 */;
CREATE TABLE `users` (
  `id` bigint(20) unsigned NOT NULL AUTO_INCREMENT,
  `name` varchar(255) COLLATE utf8mb4_unicode_ci NOT NULL,
  `email` varchar(255) COLLATE utf8mb4_unicode_ci NOT NULL,
  `email_verified_at` timestamp NULL DEFAULT NULL,
  `password` varchar(255) COLLATE utf8mb4_unicode_ci NOT NULL,
  `remember_token` varchar(100) COLLATE utf8mb4_unicode_ci DEFAULT NULL,
  `created_at` timestamp NULL DEFAULT NULL,
  `updated_at` timestamp NULL DEFAULT NULL,
  `family` varchar(255) COLLATE utf8mb4_unicode_ci NOT NULL,
  `Address` varchar(255) COLLATE utf8mb4_unicode_ci NOT NULL,
  `tel` varchar(255) COLLATE utf8mb4_unicode_ci NOT NULL,
  `mobile` varchar(255) COLLATE utf8mb4_unicode_ci NOT NULL,
  `deleted_at` timestamp NULL DEFAULT NULL,
  PRIMARY KEY (`id`),
  UNIQUE KEY `users_email_unique` (`email`)
) ENGINE=InnoDB AUTO_INCREMENT=5 DEFAULT CHARSET=utf8mb4 COLLATE=utf8mb4_unicode_ci;
/*!40101 SET character_set_client = @saved_cs_client */;

--
-- Dumping data for table `users`
--

LOCK TABLES `users` WRITE;
/*!40000 ALTER TABLE `users` DISABLE KEYS */;
INSERT INTO `users` VALUES (1,'jamal','jamal.azizbeigi589@gmail.com',NULL,'123456',NULL,'2023-10-20 20:47:27','2023-10-20 20:47:27','golgoli','Blv Abozar','9143805648','9143805648',NULL),(3,'karim','jamal.545@gmail.com',NULL,'123456',NULL,'2023-10-22 20:29:48','2023-10-22 20:29:48','marzangi','Blv Abozar','123456789','1234567890',NULL),(4,'kjlk','jamal.azizbeigi59@gmail.com',NULL,'123456',NULL,'2023-10-23 19:43:27','2023-10-23 19:43:27',';lk;l','Blv Abozar','1234567890','1234567890',NULL);
/*!40000 ALTER TABLE `users` ENABLE KEYS */;
UNLOCK TABLES;

--
-- Table structure for table `water_analyze`
--

DROP TABLE IF EXISTS `water_analyze`;
/*!40101 SET @saved_cs_client     = @@character_set_client */;
/*!40101 SET character_set_client = utf8 */;
CREATE TABLE `water_analyze` (
  `id` bigint(20) unsigned NOT NULL AUTO_INCREMENT,
  `EC` varchar(255) COLLATE utf8mb4_unicode_ci NOT NULL,
  `PH` varchar(255) COLLATE utf8mb4_unicode_ci NOT NULL,
  `SAR` varchar(255) COLLATE utf8mb4_unicode_ci NOT NULL,
  `Hardness` varchar(255) COLLATE utf8mb4_unicode_ci NOT NULL,
  `TD5` varchar(255) COLLATE utf8mb4_unicode_ci NOT NULL,
  `aluminum` varchar(255) COLLATE utf8mb4_unicode_ci NOT NULL,
  `Arsenic` varchar(255) COLLATE utf8mb4_unicode_ci NOT NULL,
  `beryllium` varchar(255) COLLATE utf8mb4_unicode_ci NOT NULL,
  `cadmium` varchar(255) COLLATE utf8mb4_unicode_ci NOT NULL,
  `Cobalt` varchar(255) COLLATE utf8mb4_unicode_ci NOT NULL,
  `chromium` varchar(255) COLLATE utf8mb4_unicode_ci NOT NULL,
  `copper` varchar(255) COLLATE utf8mb4_unicode_ci NOT NULL,
  `Fe` varchar(255) COLLATE utf8mb4_unicode_ci NOT NULL,
  `lithium` varchar(255) COLLATE utf8mb4_unicode_ci NOT NULL,
  `Manganese` varchar(255) COLLATE utf8mb4_unicode_ci NOT NULL,
  `molybdenum` varchar(255) COLLATE utf8mb4_unicode_ci NOT NULL,
  `nickel` varchar(255) COLLATE utf8mb4_unicode_ci NOT NULL,
  `palladium` varchar(255) COLLATE utf8mb4_unicode_ci NOT NULL,
  `Selenium` varchar(255) COLLATE utf8mb4_unicode_ci NOT NULL,
  `vanadium` varchar(255) COLLATE utf8mb4_unicode_ci NOT NULL,
  `Zinc` varchar(255) COLLATE utf8mb4_unicode_ci NOT NULL,
  `Fluorine` varchar(255) COLLATE utf8mb4_unicode_ci NOT NULL,
  `Br` varchar(255) COLLATE utf8mb4_unicode_ci NOT NULL,
  `Nitrate` varchar(255) COLLATE utf8mb4_unicode_ci NOT NULL,
  `microbial` varchar(255) COLLATE utf8mb4_unicode_ci NOT NULL,
  `salinity` varchar(255) COLLATE utf8mb4_unicode_ci NOT NULL,
  `animosity` varchar(255) COLLATE utf8mb4_unicode_ci NOT NULL,
  `farmID` bigint(20) unsigned NOT NULL,
  `ResourceID` int(10) unsigned NOT NULL,
  `typeResource` tinyint(4) NOT NULL,
  `deleted_at` timestamp NULL DEFAULT NULL,
  `created_at` timestamp NULL DEFAULT NULL,
  `updated_at` timestamp NULL DEFAULT NULL,
  PRIMARY KEY (`id`),
  KEY `_water_analyze_farmid_foreign` (`farmID`),
  CONSTRAINT `_water_analyze_farmid_foreign` FOREIGN KEY (`farmID`) REFERENCES `farm` (`id`) ON DELETE CASCADE ON UPDATE CASCADE
) ENGINE=InnoDB AUTO_INCREMENT=16 DEFAULT CHARSET=utf8mb4 COLLATE=utf8mb4_unicode_ci;
/*!40101 SET character_set_client = @saved_cs_client */;

--
-- Dumping data for table `water_analyze`
--

LOCK TABLES `water_analyze` WRITE;
/*!40000 ALTER TABLE `water_analyze` DISABLE KEYS */;
INSERT INTO `water_analyze` VALUES (1,'10','1','1','1','1','1','1','1','1','1','1','1','1','1','1','1','1','1','1','1','20','1','1','1','1','1','1',1,4,1,NULL,'2023-12-12 20:42:30','2023-12-17 19:51:32'),(2,'111','1','1','1','1','1','11','1','1','1','1','1','1','1','1','1','1','1','1','1','1','1','1','1','1','1','1',1,2,5,NULL,'2023-12-12 20:45:50','2023-12-17 16:23:46'),(3,'13','15','3','3','3','3','3','3','3','3','3','3','3','3','3','3','3','3','3','3','3','3','3','3','3','3','3',1,2,4,NULL,'2023-12-16 18:36:18','2023-12-17 19:38:26'),(4,'14','4','14','4','15','4','4','4','4','4','4','4','4','4','4','4','4','4','4','4','4','4','4','4','4','4','4',1,1,2,NULL,'2023-12-16 18:50:14','2023-12-17 18:50:15'),(5,'15','20','5','5','5','5','5','5','5','5','5','5','5','5','5','5','5','5','5','5','5','5','5','5','5','5','5',1,3,6,NULL,'2023-12-16 19:00:52','2023-12-17 16:01:06'),(6,'15','6','6','6','6','6','6','6','6','6','6','6','6','6','6','6','6','6','6','6','6','6','6','6','26','6','6',1,1,3,NULL,'2023-12-16 19:09:03','2023-12-17 19:45:46'),(11,'5','5','5','5','5','5','5','5','5','5','5','5','5','5','5','5','5','5','5','5','5','5','5','5','5','5','15',1,5,1,NULL,'2023-12-17 15:13:08','2023-12-17 15:13:41'),(12,'111','1','1','1','1','1','11','1','1','1','1','1','1','1','1','1','1','1','1','1','1','1','1','1','1','1','1',1,2,5,NULL,'2023-12-17 16:12:31','2023-12-17 16:23:46'),(13,'111','1','1','1','1','1','11','1','1','1','1','1','1','1','1','1','1','1','1','1','1','1','1','1','1','1','1',1,2,5,NULL,'2023-12-17 16:13:19','2023-12-17 16:23:46'),(14,'15','5','5','5','5','5','5','5','5','5','5','5','5','5','5','5','5','5','5','5','5','5','5','5','5','5','5',1,3,3,NULL,'2023-12-17 19:47:22','2023-12-17 19:47:45'),(15,'5','8','5','5','5','5','5','5','5','5','5','5','5','5','5','5','5','5','5','5','5','5','5','5','5','5','5',3,6,1,NULL,'2023-12-17 19:52:31','2023-12-17 19:53:03');
/*!40000 ALTER TABLE `water_analyze` ENABLE KEYS */;
UNLOCK TABLES;

--
-- Table structure for table `water_source`
--

DROP TABLE IF EXISTS `water_source`;
/*!40101 SET @saved_cs_client     = @@character_set_client */;
/*!40101 SET character_set_client = utf8 */;
CREATE TABLE `water_source` (
  `id` bigint(20) unsigned NOT NULL AUTO_INCREMENT,
  `channelID` bigint(20) unsigned NOT NULL,
  `netpipeID` bigint(20) unsigned NOT NULL,
  `riverID` bigint(20) unsigned NOT NULL,
  `chahID` bigint(20) unsigned NOT NULL,
  `poolID` bigint(20) unsigned NOT NULL,
  `makhzanID` bigint(20) unsigned NOT NULL,
  `AuthLetterCode` text COLLATE utf8mb4_unicode_ci NOT NULL,
  `mountwater` bigint(20) unsigned NOT NULL,
  `pipe` bigint(20) unsigned NOT NULL,
  `elctroPipID` bigint(20) unsigned NOT NULL,
  `deleted_at` timestamp NULL DEFAULT NULL,
  `created_at` timestamp NULL DEFAULT NULL,
  `updated_at` timestamp NULL DEFAULT NULL,
  PRIMARY KEY (`id`)
) ENGINE=InnoDB DEFAULT CHARSET=utf8mb4 COLLATE=utf8mb4_unicode_ci;
/*!40101 SET character_set_client = @saved_cs_client */;

--
-- Dumping data for table `water_source`
--

LOCK TABLES `water_source` WRITE;
/*!40000 ALTER TABLE `water_source` DISABLE KEYS */;
/*!40000 ALTER TABLE `water_source` ENABLE KEYS */;
UNLOCK TABLES;
/*!40103 SET TIME_ZONE=@OLD_TIME_ZONE */;

/*!40101 SET SQL_MODE=@OLD_SQL_MODE */;
/*!40014 SET FOREIGN_KEY_CHECKS=@OLD_FOREIGN_KEY_CHECKS */;
/*!40014 SET UNIQUE_CHECKS=@OLD_UNIQUE_CHECKS */;
/*!40101 SET CHARACTER_SET_CLIENT=@OLD_CHARACTER_SET_CLIENT */;
/*!40101 SET CHARACTER_SET_RESULTS=@OLD_CHARACTER_SET_RESULTS */;
/*!40101 SET COLLATION_CONNECTION=@OLD_COLLATION_CONNECTION */;
/*!40111 SET SQL_NOTES=@OLD_SQL_NOTES */;

-- Dump completed on 2023-12-17 20:11:14
